"SNP.name","pval.SNP","log.p"
"Potra000295:8677",2.03484752073101e-06,5.69146812864326
"Potra000488:95860",6.2051831557691e-06,5.20724539508936
"Potra000553:27121",8.2636218300236e-07,6.08282956574932
"Potra000584:6499",2.51823299837831e-06,5.59890408946701
"Potra000623:130469",9.82041196639492e-06,5.00787029317239
"Potra000630:32676",1.12320094266049e-06,5.94954254072702
"Potra000997:130805",1.07884330574908e-06,5.96704162889473
"Potra001105:125141",7.90343120482224e-06,5.10218432265825
"Potra001115:4199",6.79606754973052e-08,7.16774231309766
"Potra001115:4205",6.79606754973052e-08,7.16774231309766
"Potra001115:4394",6.79606754973052e-08,7.16774231309766
"Potra001115:5918",6.79606754973052e-08,7.16774231309766
"Potra001160:91059",6.64853521407944e-07,6.17727402665396
"Potra001172:32246",4.54360341577469e-06,5.34259958263531
"Potra001193:21202",6.82351578718597e-08,7.1659917993104
"Potra001351:33232",4.22066865720629e-06,5.37461874071345
"Potra001447:3976",5.3083103191165e-06,5.27504369659498
"Potra001491:35781",4.70879636160561e-06,5.32709009081514
"Potra001491:35878",6.30372924812075e-06,5.20040244852807
"Potra001491:35986",4.70879636160561e-06,5.32709009081514
"Potra001491:36018",3.05134599476637e-06,5.51550854453779
"Potra001734:83642",1.66108468573747e-06,5.77960822569976
"Potra001926:29627",8.08985839511065e-06,5.09205908021224
"Potra001948:42208",2.07353973990159e-06,5.68328763685912
"Potra001948:42211",2.07353973990159e-06,5.68328763685912
"Potra001956:2730",8.51008261861485e-06,5.07006622362465
"Potra002191:26587",7.33397768126012e-06,5.13466041601713
"Potra002278:26385",1.67723303449529e-06,5.77540659239432
"Potra002357:23542",9.71264538173762e-06,5.01266246749462
"Potra002573:34487",4.19435397836693e-07,6.37733492046955
"Potra002966:24127",5.90054820955012e-07,6.22910763694731
"Potra003283:6942",1.07334001954599e-06,5.96926267764226
"Potra003356:18133",6.36213598361741e-06,5.19639705256542
"Potra003373:31729",3.18232495973019e-07,6.4972554749057
"Potra003402:28745",1.59205898926905e-06,5.79804084473942
"Potra004018:34640",7.63502856884204e-06,5.11718933355619
"Potra004322:662",5.0983731391924e-06,5.29256838260509
"Potra162169:1723",4.15383771871449e-06,5.38155047439782
"Potra173894:1760",4.89796597255212e-06,5.30998423635793
"Potra198206:2378",3.42997246987391e-06,5.46470936573852
